[
  {
    "model": "jobs.job",
    "pk": 1,
    "fields": {
      "title": "Junior Full-Stack Developer",
      "company": "Acme Corp",
      "location": "New York, NY",
      "work_type": "ON_SITE",
      "latitude": null,
      "longitude": null,
      "description": "Junior Full-Stack Developer at Acme Corp working on modern web apps and data-driven features.",
      "requirements": "Eager to learn, good communicator, basic portfolio or GitHub.",
      "salary_min": 60000,
      "salary_max": 90000,
      "salary_currency": "USD",
      "visa_sponsorship": false,
      "benefits": "Health, dental, 401(k), flexible PTO.",
      "posted_by": 1,
      "status": "ACTIVE",
      "created_at": "2025-09-26T00:00:00Z",
      "updated_at": "2025-09-26T00:00:00Z",
      "expires_at": null
    }
    },
  {
    "model": "jobs.job",
    "pk": 2,
    "fields": {
      "title": "Data Analyst (Entry Level)",
      "company": "Bluebird Analytics",
      "location": "Remote",
      "work_type": "REMOTE",
      "latitude": null,
      "longitude": null,
      "description": "Data Analyst (Entry Level) at Bluebird Analytics working on modern web apps and data-driven features.",
      "requirements": "Eager to learn, good communicator, basic portfolio or GitHub.",
      "salary_min": 65000,
      "salary_max": 97000,
      "salary_currency": "USD",
      "visa_sponsorship": false,
      "benefits": "Health, dental, 401(k), flexible PTO.",
      "posted_by": 1,
      "status": "ACTIVE",
      "created_at": "2025-09-26T00:00:00Z",
      "updated_at": "2025-09-26T00:00:00Z",
      "expires_at": null
    }
  },
  {
    "model": "jobs.job",
    "pk": 3,
    "fields": {
      "title": "Product Designer",
      "company": "Northstar Labs",
      "location": "Austin, TX",
      "work_type": "ON_SITE",
      "latitude": null,
      "longitude": null,
      "description": "Product Designer at Northstar Labs working on modern web apps and data-driven features.",
      "requirements": "Eager to learn, good communicator, basic portfolio or GitHub.",
      "salary_min": 70000,
      "salary_max": 104000,
      "salary_currency": "USD",
      "visa_sponsorship": false,
      "benefits": "Health, dental, 401(k), flexible PTO.",
      "posted_by": 1,
      "status": "ACTIVE",
      "created_at": "2025-09-26T00:00:00Z",
      "updated_at": "2025-09-26T00:00:00Z",
      "expires_at": null
    }
  },
  {
    "model": "jobs.job",
    "pk": 4,
    "fields": {
      "title": "DevOps Engineer",
      "company": "Nimbus Cloud",
      "location": "Seattle, WA",
      "work_type": "HYBRID",
      "latitude": null,
      "longitude": null,
      "description": "DevOps Engineer at Nimbus Cloud working on modern web apps and data-driven features.",
      "requirements": "Eager to learn, good communicator, basic portfolio or GitHub.",
      "salary_min": 75000,
      "salary_max": 111000,
      "salary_currency": "USD",
      "visa_sponsorship": false,
      "benefits": "Health, dental, 401(k), flexible PTO.",
      "posted_by": 1,
      "status": "ACTIVE",
      "created_at": "2025-09-26T00:00:00Z",
      "updated_at": "2025-09-26T00:00:00Z",
      "expires_at": null
    }
  },
  {
    "model": "jobs.job",
    "pk": 5,
    "fields": {
      "title": "Customer Success Manager",
      "company": "BrightPath",
      "location": "Chicago, IL",
      "work_type": "ON_SITE",
      "latitude": null,
      "longitude": null,
      "description": "Customer Success Manager at BrightPath working on modern web apps and data-driven features.",
      "requirements": "Eager to learn, good communicator, basic portfolio or GitHub.",
      "salary_min": 80000,
      "salary_max": 118000,
      "salary_currency": "USD",
      "visa_sponsorship": false,
      "benefits": "Health, dental, 401(k), flexible PTO.",
      "posted_by": 1,
      "status": "ACTIVE",
      "created_at": "2025-09-26T00:00:00Z",
      "updated_at": "2025-09-26T00:00:00Z",
      "expires_at": null
    }
  }
]
