[
  {
    "model": "profiles.skill",
    "pk": 1,
    "fields": {"name": "Python"}
  },
  {
    "model": "profiles.skill",
    "pk": 2,
    "fields": {"name": "JavaScript"}
  },
  {
    "model": "profiles.skill",
    "pk": 3,
    "fields": {"name": "React"}
  },
  {
    "model": "profiles.skill",
    "pk": 4,
    "fields": {"name": "TypeScript"}
  },
  {
    "model": "profiles.skill",
    "pk": 5,
    "fields": {"name": "Django"}
  },
  {
    "model": "profiles.skill",
    "pk": 6,
    "fields": {"name": "PostgreSQL"}
  },
  {
    "model": "profiles.skill",
    "pk": 7,
    "fields": {"name": "AWS"}
  },
  {
    "model": "profiles.skill",
    "pk": 8,
    "fields": {"name": "Docker"}
  },
  {
    "model": "profiles.skill",
    "pk": 9,
    "fields": {"name": "Kubernetes"}
  },
  {
    "model": "profiles.skill",
    "pk": 10,
    "fields": {"name": "Redis"}
  },
  {
    "model": "profiles.skill",
    "pk": 11,
    "fields": {"name": "HTML"}
  },
  {
    "model": "profiles.skill",
    "pk": 12,
    "fields": {"name": "CSS"}
  },
  {
    "model": "profiles.skill",
    "pk": 13,
    "fields": {"name": "Figma"}
  },
  {
    "model": "profiles.skill",
    "pk": 14,
    "fields": {"name": "Adobe Creative Suite"}
  },
  {
    "model": "profiles.skill",
    "pk": 15,
    "fields": {"name": "User Research"}
  },
  {
    "model": "profiles.skill",
    "pk": 16,
    "fields": {"name": "Prototyping"}
  },
  {
    "model": "profiles.skill",
    "pk": 17,
    "fields": {"name": "Machine Learning"}
  },
  {
    "model": "profiles.skill",
    "pk": 18,
    "fields": {"name": "TensorFlow"}
  },
  {
    "model": "profiles.skill",
    "pk": 19,
    "fields": {"name": "PyTorch"}
  },
  {
    "model": "profiles.skill",
    "pk": 20,
    "fields": {"name": "NumPy"}
  },
  {
    "model": "profiles.skill",
    "pk": 21,
    "fields": {"name": "Pandas"}
  },
  {
    "model": "profiles.skill",
    "pk": 22,
    "fields": {"name": "Statistics"}
  },
  {
    "model": "profiles.skill",
    "pk": 23,
    "fields": {"name": "Product Marketing"}
  },
  {
    "model": "profiles.skill",
    "pk": 24,
    "fields": {"name": "HubSpot"}
  },
  {
    "model": "profiles.skill",
    "pk": 25,
    "fields": {"name": "Marketing Automation"}
  },
  {
    "model": "profiles.skill",
    "pk": 26,
    "fields": {"name": "Data Analysis"}
  },
  {
    "model": "profiles.skill",
    "pk": 27,
    "fields": {"name": "Terraform"}
  },
  {
    "model": "profiles.skill",
    "pk": 28,
    "fields": {"name": "CI/CD"}
  },
  {
    "model": "profiles.skill",
    "pk": 29,
    "fields": {"name": "Monitoring"}
  },
  {
    "model": "profiles.skill",
    "pk": 30,
    "fields": {"name": "Git"}
  }
]